No,Link,Title,Location
viewjob?jk=d11342cfe074df78,Frontend Developer (Javascript/React),서울
2,https://kr.indeed.com/viewjob?jk=c6bf8184940d37c3,Android Developer,서울
3,https://kr.indeed.com/viewjob?jk=297e6568c740f98e,iOS Developer,서울
4,https://kr.indeed.com/viewjob?jk=c1037225077ca4da,데이터 분석가 (Business Intelligence Analyst),서울 강남구
5,https://kr.indeed.com/viewjob?jk=d2df92c32bd4a203,Software Engineer,서울
6,https://kr.indeed.com/viewjob?jk=2615f45e6f912c05,"Customer Solutions Engineer, Global Clie...",서울
7,https://kr.indeed.com/viewjob?jk=fa839fed02943ef7,"Technical Specialist, Professional Servi...",서울
8,https://kr.indeed.com/viewjob?jk=5bc622575fee61b8,Data Scientist,서울
9,https://kr.indeed.com/viewjob?jk=67ca30c143379281,Data Scientist III,서울
10,https://kr.indeed.com/viewjob?jk=ce6747e77c861c46,Data Scientist,서울
11,https://kr.indeed.com/viewjob?jk=cfdd56fef2ec9c47,Cloud Support Eng. II (Net),서울
12,https://kr.indeed.com/viewjob?jk=a90457066bb577a4,Cloud Support Eng. II (Lin),서울
13,https://kr.indeed.com/viewjob?jk=1f542078927eb1e4,Data Center Technician,서울
14,https://kr.indeed.com/viewjob?jk=199189698f0d215c,"Python, PHP 외 경력 정규직",서울 강서구
15,https://kr.indeed.com/viewjob?jk=aac8e9355cb855ac,[인재풀] 아티스트,서울
16,https://kr.indeed.com/viewjob?jk=15a42e1f57cda077,[국비무료/해외취업] 일본 관광·서비스기업/독일 IT기업 취업연수생,서울 영등포구
17,https://kr.indeed.com/viewjob?jk=55a19c92c845685e,Developer / Designer recruit,서울 논현동
18,https://kr.indeed.com/viewjob?jk=204308e277d085e3,DevOps Consultant - Professional Service...,서울
19,https://kr.indeed.com/viewjob?jk=41cde1a35365547f,Product Intelligence Product Manager(Aza...,서울
20,https://kr.indeed.com/viewjob?jk=7f38721257646550,Cloud Support Eng. II (DMS),서울
21,https://kr.indeed.com/viewjob?jk=38863766ef858bdf,현대오트론 차량용 반도체/전장SW 전문가 경력 상시,서울 강남구
22,https://kr.indeed.com/viewjob?jk=752a4b5d63eac97c,Back-end Engineer (Python),서울 강남구
23,https://kr.indeed.com/viewjob?jk=4a94f2401f999ab6,Data Analyst,서울
24,https://kr.indeed.com/viewjob?jk=212ca67d161b7162,2020 Market Data Analyst - Seoul (Korean...,서울
25,https://kr.indeed.com/viewjob?jk=9c8217b043a1c66f,"Applications Engineer, Staff",서울
26,https://kr.indeed.com/viewjob?jk=881a1aa0f0646335,Tech U Associate Professional Services C...,서울
27,https://kr.indeed.com/viewjob?jk=dd8d522117d4afeb,Solutions Architect III - AWS Korea,서울
28,https://kr.indeed.com/viewjob?jk=7268328c0d71d81c,Junior Full-Stack Developer,서울
29,https://kr.indeed.com/viewjob?jk=35b027aa25049d45,Support Engineer _ Azure PaaS,서울
30,https://kr.indeed.com/viewjob?jk=424144a5501748e2,"Marketing Data Scientist, Google Profess...",서울
31,https://kr.indeed.com/viewjob?jk=d6ca8a7ecc4c4be3,"기술연구소 정규직 연력(Java, C++, Python, 기타)",서울 송파구
32,https://kr.indeed.com/viewjob?jk=0bbf23c0930be392,Support Engineer,서울
33,https://kr.indeed.com/viewjob?jk=9d15145d6604ca72,"Lead Software Engineer, TensorFlow",서울
34,https://kr.indeed.com/viewjob?jk=25725b3c0e607311,Junior Quant Trader,서울
35,https://kr.indeed.com/viewjob?jk=b1a416d3180ab6a7,"UI/UX개발/고객행동분석 (Python, GA, Database)",서울 용산구
36,https://kr.indeed.com/viewjob?jk=d7a5d7d67068b597,Django + Python 웹개발,서울 가산디지털단지역
37,https://kr.indeed.com/viewjob?jk=36ed6aa879eb32f7,[IT대기업] Data Scientist (과장~부장급),서울
38,https://kr.indeed.com/viewjob?jk=92f04fc62c6d6a7a,"Technical Solutions Consultant, Android...",서울
39,https://kr.indeed.com/viewjob?jk=2f64e12e457da027,동대문구 국비 무료 훈련생,서울 동대문구
40,https://kr.indeed.com/viewjob?jk=f044d9361c664f80,Technical Trainer - Amazon Web Services,서울
41,https://kr.indeed.com/viewjob?jk=ff2f8c996186ab4d,Cloud Application Architect - Profession...,서울
42,https://kr.indeed.com/viewjob?jk=554c2e55cc985488,Data Scientist,서울
43,https://kr.indeed.com/viewjob?jk=df21e3bb5d773616,Python Programmer,서울 서초구
44,https://kr.indeed.com/viewjob?jk=6e86e9573ba0a69c,"프로그래머 (WEB 프로그래밍, PHP, javascript, pytho...",대전 중구
45,https://kr.indeed.com/viewjob?jk=7af1798e214d4067,Support Engineer _ Devices & IoT,서울
46,https://kr.indeed.com/viewjob?jk=1b68be0d8cba9f3e,Sales Manager (Born in the Cloud),서울
47,https://kr.indeed.com/viewjob?jk=8405cf7fad057a1a,글로벌 소비재기업 APAC담당 Sr. Enterprise Architec...,서울
48,https://kr.indeed.com/viewjob?jk=701b04f0ab18c3d0,Software Engineer - Real-time Chat Platf...,서울
49,https://kr.indeed.com/viewjob?jk=7f0f05a7cbb72be3,[에이치랩] 웹 개발자(Back-end),서울 마포구
50,https://kr.indeed.com/viewjob?jk=9e813356712bbe78,Cloud Support Eng. II (Dep),서울
51,https://kr.indeed.com/viewjob?jk=ae2c6294bc277408,Lead Technical Solutions Engineer,서울
52,https://kr.indeed.com/viewjob?jk=eb45c08f4c4a43d8,Data Analyst,서울
53,https://kr.indeed.com/viewjob?jk=83883bfd1f662d69,Data Scientist,서울
54,https://kr.indeed.com/viewjob?jk=dab3f72b35f4bc7e,[ 2020 YG ENTERTAINMENT ] 정보관리 경력 (IT시스템...,서울 합정동
51,https://kr.indeed.com/viewjob?jk=297e6568c740f98e,iOS Developer,서울
52,https://kr.indeed.com/viewjob?jk=1f542078927eb1e4,Data Center Technician,서울
53,https://kr.indeed.com/viewjob?jk=0bbf23c0930be392,Support Engineer,서울
54,https://kr.indeed.com/viewjob?jk=2ffd2d68fd9b4d3e,정보전략본부(전산부·정보기획부)직원 모집,서울 강남구
55,https://kr.indeed.com/viewjob?jk=0bce5c7e8c1e521d,[피파온라인4] 테크니컬 아티스트,서울
56,https://kr.indeed.com/viewjob?jk=554c2e55cc985488,Data Scientist,서울
57,https://kr.indeed.com/viewjob?jk=8658d39b5a20b88c,기후변화감시과 무기계약 근로자,대한민국
58,https://kr.indeed.com/viewjob?jk=1ec68cc3212e539e,녹색기술센터(GTC) 핵심연구분야 우수인력,서울특별시
59,https://kr.indeed.com/viewjob?jk=2695294aea6dc3b6,MongoDB Engineer,성남 판교역
60,https://kr.indeed.com/viewjob?jk=57aa1b90d7626f69,[개발]신사업 프론트 개발자(정규직),대한민국
61,https://kr.indeed.com/viewjob?jk=c73ca1effb65d557,AD 데이터 분석,성남 서현역
62,https://kr.indeed.com/viewjob?jk=cd8ee27085e6a2ff,머신러닝/딥러닝,성남 판교역
63,https://kr.indeed.com/viewjob?jk=e4e36162481db73f,[인턴] RCS(Risk Consulting Services) 본부 Fo...,서울 강남구
64,https://kr.indeed.com/viewjob?jk=fcbb91a8842ea759,웹개발/ 앱개발자 정규직,서울 구로구
65,https://kr.indeed.com/viewjob?jk=e1719c3044cb5bd1,정보보안 담당자,성남 분당구
66,https://kr.indeed.com/viewjob?jk=cd826811aa0f2ab5,기술연구소-연구원,서울 금천구
67,https://kr.indeed.com/viewjob?jk=cb286253682cb876,[던전앤파이터] 클라이언트 툴 프로그래머,서울 강남구
68,https://kr.indeed.com/viewjob?jk=7af1798e214d4067,Support Engineer _ Devices & IoT,서울
69,https://kr.indeed.com/viewjob?jk=b87ff4aabad6e65e,Process & Data Scientist,대한민국
70,https://kr.indeed.com/viewjob?jk=d9086035792f01d0,AI 기반 로봇 서비스 개발 그룹 IT 인프라 구축,서울특별시
71,https://kr.indeed.com/viewjob?jk=ff52e5f9625f8f34,Machine Learning Engineer (LINE AI Servi...,성남 서현역
72,https://kr.indeed.com/viewjob?jk=25725b3c0e607311,Junior Quant Trader,서울
73,https://kr.indeed.com/viewjob?jk=19b44e0d17d112e2,분석실 - 베이지안 분석 전문가,성남 분당구
74,https://kr.indeed.com/viewjob?jk=e5098c47e3662580,BI 운영 그룹 주력계열사,서울특별시
75,https://kr.indeed.com/viewjob?jk=466ed639df372448,[판교]기술지원,경기도
76,https://kr.indeed.com/viewjob?jk=917cc06120add6e1,Data Scientist,서울 강남구
77,https://kr.indeed.com/viewjob?jk=22648806d1d9ecb2,연구원(기간제 근로자),대한민국
78,https://kr.indeed.com/viewjob?jk=06995d4800ce38f3,Field Application Engineer (FAE) – Korea...,대한민국
79,https://kr.indeed.com/viewjob?jk=1aa1ef16d0ee1675,데이터분석가(팀장급),서울
80,https://kr.indeed.com/viewjob?jk=fa839fed02943ef7,"Technical Specialist, Professional Servi...",서울
81,https://kr.indeed.com/viewjob?jk=212ca67d161b7162,2020 Market Data Analyst - Seoul (Korean...,서울
82,https://kr.indeed.com/viewjob?jk=4233609a843b5e96,분석지원팀 - 데이터 분석가,성남 분당구
83,https://kr.indeed.com/viewjob?jk=d4e5e764cf9dcf12,[TmaxData/기술] 제품 QA 신입 및 경력,성남 분당구
84,https://kr.indeed.com/viewjob?jk=8b9cf843dff9f216,근로자(연구원),대한민국
85,https://kr.indeed.com/viewjob?jk=b2c01054f550bdf2,2020 APAC Graduate Programme – Junior Fi...,서울
86,https://kr.indeed.com/viewjob?jk=9c06b9c142458c43,AI기반 Text Analytics 자연어분석텍스트처리(대리-과장급)6-...,서울
87,https://kr.indeed.com/viewjob?jk=1c7e995da2a8a30a,자연어처리/텍스트분석 엔진 개발 및 서비스 개발(대리(6년)-차장(16년...,서울
88,https://kr.indeed.com/viewjob?jk=d1e75364ef505c68,"데이터 가치 함께 발굴하실 머신러닝, 통계 모델링 전문가",성남 판교역
89,https://kr.indeed.com/viewjob?jk=55537575b7dd8d87,Physical Implementation Engineer,대한민국
90,https://kr.indeed.com/viewjob?jk=55a19c92c845685e,Developer / Designer recruit,서울 논현동
91,https://kr.indeed.com/viewjob?jk=1937ebb0ea172f08,데이터 엔지니어,서울특별시
92,https://kr.indeed.com/viewjob?jk=695dda5fbc779a3c,경영본부 - 회계파트/ 자금파트/ 인사총무파트,서울 강남구
93,https://kr.indeed.com/viewjob?jk=e08940daf24ccb25,AD Performance Ops,성남 서현역
94,https://kr.indeed.com/viewjob?jk=dd06066d79860614,MySQL Engineer,성남 판교역
95,https://kr.indeed.com/viewjob?jk=b085b3c302873fcc,Staff RF Production Test Engineer,서울
96,https://kr.indeed.com/viewjob?jk=39d1abf861dbdb6e,[AI Lab] AI 백엔드 엔지니어,서울
97,https://kr.indeed.com/viewjob?jk=85929aac498299cc,데이터 사이언스 전문가 및 머신러닝 전문가,성남 판교역
98,https://kr.indeed.com/viewjob?jk=6fd1a7a454a001bf,Engineering Infrastructure 운영 및 개선,성남 서현역
99,https://kr.indeed.com/viewjob?jk=c2cf32da4ed35d9b,Korea Structuring Junior,대한민국
100,https://kr.indeed.com/viewjob?jk=c6bf8184940d37c3,Android Developer,서울
101,https://kr.indeed.com/viewjob?jk=c1037225077ca4da,데이터 분석가 (Business Intelligence Analyst),서울 강남구
102,https://kr.indeed.com/viewjob?jk=d11342cfe074df78,Frontend Developer (Javascript/React),서울
101,https://kr.indeed.com/viewjob?jk=d11342cfe074df78,Frontend Developer (Javascript/React),서울
102,https://kr.indeed.com/viewjob?jk=0bce5c7e8c1e521d,[피파온라인4] 테크니컬 아티스트,서울
103,https://kr.indeed.com/viewjob?jk=dab3f72b35f4bc7e,[ 2020 YG ENTERTAINMENT ] 정보관리 경력 (IT시스템...,서울 합정동
104,https://kr.indeed.com/viewjob?jk=48090bdf1303bd76,매칭팀 - 데이터분석가,성남 분당구
105,https://kr.indeed.com/viewjob?jk=37d1f6dbb37f8a38,대용량 분산 스토리지 개발자,성남 판교역
106,https://kr.indeed.com/viewjob?jk=1cf825d234463890,[피파온라인4] 소프트웨어 엔지니어,서울
107,https://kr.indeed.com/viewjob?jk=530a598184580c95,데스크탑 가상화(VDI) 엔지니어,성남 판교역
108,https://kr.indeed.com/viewjob?jk=39d1abf861dbdb6e,[AI Lab] AI 백엔드 엔지니어,서울
109,https://kr.indeed.com/viewjob?jk=e9332c9aa21fc59c,소프트웨어 엔지니어,성남 분당구
110,https://kr.indeed.com/viewjob?jk=1aa1ef16d0ee1675,데이터분석가(팀장급),서울
111,https://kr.indeed.com/viewjob?jk=3e2a310c9dd0f693,[멜론] 빅데이터 서비스 개발자,성남 판교역
112,https://kr.indeed.com/viewjob?jk=691f61972f31c777,이탈방지팀-서비스 개발자,성남 분당구
113,https://kr.indeed.com/viewjob?jk=1937ebb0ea172f08,데이터 엔지니어,서울특별시
114,https://kr.indeed.com/viewjob?jk=40acc204682e5219,R&D 연구원/ 임베디드시스템 개발자,서울 마포구
115,https://kr.indeed.com/viewjob?jk=212ca67d161b7162,2020 Market Data Analyst - Seoul (Korean...,서울
116,https://kr.indeed.com/viewjob?jk=385c58c7ced1d77b,데이터 사이언티스트 지향하는 데이터 엔지니어,성남 판교역
117,https://kr.indeed.com/viewjob?jk=c78a3c5d7bb7d883,웹 애플리케이션 개발자,성남 분당구
118,https://kr.indeed.com/viewjob?jk=b35da47f5e84c9b4,콘텐츠서비스개발팀 - 데이터분석가,성남 분당구
119,https://kr.indeed.com/viewjob?jk=b2c01054f550bdf2,2020 APAC Graduate Programme – Junior Fi...,서울
120,https://kr.indeed.com/viewjob?jk=2c0226e483779522,시스템 엔지니어링,성남 판교역
121,https://kr.indeed.com/viewjob?jk=8dfc9993e2aa9160,유저프로파일팀 - 데이터 모델러,성남 분당구
122,https://kr.indeed.com/viewjob?jk=2ffd2d68fd9b4d3e,정보전략본부(전산부·정보기획부)직원 모집,서울 강남구
123,https://kr.indeed.com/viewjob?jk=917cc06120add6e1,Data Scientist,서울 강남구
124,https://kr.indeed.com/viewjob?jk=d6a77ebabfefeba6,2020년 제1회 공무직 근로자 연장,대한민국
125,https://kr.indeed.com/viewjob?jk=05ce3c7d5c6c368c,Research Engineer - Machine Learning,서울
126,https://kr.indeed.com/viewjob?jk=feac8a234b715106,네이버 일본 맛집 서비스 CONOMI 머신러닝 개발자,대한민국
127,https://kr.indeed.com/viewjob?jk=bd1ad6ca3aba3000,데이터 엔지니어 / Data Engineer,서울
128,https://kr.indeed.com/viewjob?jk=0bbf23c0930be392,Support Engineer,서울
129,https://kr.indeed.com/viewjob?jk=9c06b9c142458c43,AI기반 Text Analytics 자연어분석텍스트처리(대리-과장급)6-...,서울
130,https://kr.indeed.com/viewjob?jk=116009dbf59211ed,퍼즐데이터 역량있는 데이터 분석가,서울 역삼동
131,https://kr.indeed.com/viewjob?jk=d9a8d22b38653d34,[인재풀] Central Development Services,서울
132,https://kr.indeed.com/viewjob?jk=166aa0c72e94a266,Business Data Analyst,서울 강남구
133,https://kr.indeed.com/viewjob?jk=df21e3bb5d773616,Python Programmer,서울 서초구
134,https://kr.indeed.com/viewjob?jk=7268328c0d71d81c,Junior Full-Stack Developer,서울
135,https://kr.indeed.com/viewjob?jk=498cbbf909edbab6,Global Payment 데이터 분석,성남 판교역
136,https://kr.indeed.com/viewjob?jk=f4a5057bd3043129,웹프론트엔드 개발자,성남 분당구
137,https://kr.indeed.com/viewjob?jk=d585814d097935eb,카카오톡 보이스톡/페이스톡/라이브톡 개발자,성남 판교역
138,https://kr.indeed.com/viewjob?jk=3e80435be74cd28f,블록체인인터넷경제연구센터 위촉연구원,광주 북구
139,https://kr.indeed.com/viewjob?jk=20d40ee61adffeca,챗봇 플랫폼 개발자,성남 판교역
140,https://kr.indeed.com/viewjob?jk=432b169b273d9964,"R&D Engineer, Sr I",서울
141,https://kr.indeed.com/viewjob?jk=cf5adbaa505d3af3,APEC 기후센터 직원,대한민국
142,https://kr.indeed.com/viewjob?jk=6fd1a7a454a001bf,Engineering Infrastructure 운영 및 개선,성남 서현역
143,https://kr.indeed.com/viewjob?jk=1ec68cc3212e539e,녹색기술센터(GTC) 핵심연구분야 우수인력,서울특별시
144,https://kr.indeed.com/viewjob?jk=85929aac498299cc,데이터 사이언스 전문가 및 머신러닝 전문가,성남 판교역
145,https://kr.indeed.com/viewjob?jk=a6a4b500fa0340d4,"Director, Software Engineering (Coupang...",서울
146,https://kr.indeed.com/viewjob?jk=3d99c00c986d2c57,[Clova] Clova 서비스 서버 개발 경력사원,대한민국
147,https://kr.indeed.com/viewjob?jk=61ecdc0ef3cfb66a,[경력] 빅데이터 플랫폼 엔지니어,성남 판교역
148,https://kr.indeed.com/viewjob?jk=ac8d5ff1022fce65,Support Engineer _ Azure Security,서울
149,https://kr.indeed.com/viewjob?jk=8eca56448e2574c8,TA,성남 분당구
150,https://kr.indeed.com/viewjob?jk=79aa0ecba6067f06,[Clova] Clova Platform Backend 개발자 경력사원,대한민국
151,https://kr.indeed.com/viewjob?jk=c6bf8184940d37c3,Android Developer,서울
152,https://kr.indeed.com/viewjob?jk=297e6568c740f98e,iOS Developer,서울
153,https://kr.indeed.com/viewjob?jk=c1037225077ca4da,데이터 분석가 (Business Intelligence Analyst),서울 강남구
151,https://kr.indeed.com/viewjob?jk=c6bf8184940d37c3,Android Developer,서울
152,https://kr.indeed.com/viewjob?jk=297e6568c740f98e,iOS Developer,서울
153,https://kr.indeed.com/viewjob?jk=c1037225077ca4da,데이터 분석가 (Business Intelligence Analyst),서울 강남구
154,https://kr.indeed.com/viewjob?jk=ecc4154e1f4d28a8,Android Software Engineer,서울
155,https://kr.indeed.com/viewjob?jk=08ac4426aa2a7bed,Performance Marketer (SA 중심),서울 강남구
156,https://kr.indeed.com/viewjob?jk=ae2c6294bc277408,Lead Technical Solutions Engineer,서울
157,https://kr.indeed.com/viewjob?jk=ed8f2d4e613fb977,[던전앤파이터] 2D/3D 그래픽 기술개발 부문 (TA/엔진프로그래머/툴...,서울 강남구
158,https://kr.indeed.com/viewjob?jk=cae2de07045cfb2b,"Java, Python 영상툴 개발자",서울 마곡동
159,https://kr.indeed.com/viewjob?jk=f281c810daf0e10d,카카오 네트워크 엔지니어,성남 판교역
160,https://kr.indeed.com/viewjob?jk=4206cd042c6633c1,Software Engineer - Seoul,서울
161,https://kr.indeed.com/viewjob?jk=7f0f05a7cbb72be3,[에이치랩] 웹 개발자(Back-end),서울 마포구
162,https://kr.indeed.com/viewjob?jk=419692b3ddb34768,Analytics Specialist,서울
163,https://kr.indeed.com/viewjob?jk=3e617a8ed7934773,Quant 트레이딩 부문,대한민국
164,https://kr.indeed.com/viewjob?jk=c8a7c9c4022a3544,인프라 플랫폼 개발자,서울 구로구
165,https://kr.indeed.com/viewjob?jk=dd4d8e59a4a9265d,Data Specialist (Scientist&&Engineer),서울 마포구
166,https://kr.indeed.com/viewjob?jk=500cf744f1af9b91,Blockchain Software Engineering in Test,성남 서현역
167,https://kr.indeed.com/viewjob?jk=8b29e16a2f9665f2,"Principal, Strategic Planning",서울
168,https://kr.indeed.com/viewjob?jk=530a598184580c95,데스크탑 가상화(VDI) 엔지니어,성남 판교역
169,https://kr.indeed.com/viewjob?jk=d017610d9828199c,"드론 데이터 스타트업, 엔젤스윙 엔지니어",서울 관악구
170,https://kr.indeed.com/viewjob?jk=ff99efe4f7f952d7,"기술연구소 정규직 연력(Java, C++, Python, 기타) 및 ER...",서울
171,https://kr.indeed.com/viewjob?jk=79da02e6dfd5d48c,AI 활용방안모색/적용 전략 수립,서울 강남구
172,https://kr.indeed.com/viewjob?jk=3c70b1ded0c003ef,[KSTEC] 통계/Analytics 경력사원,성남 분당구
173,https://kr.indeed.com/viewjob?jk=69bcbac49023acae,2020년 개발자/경영지원,서울 서초구
174,https://kr.indeed.com/viewjob?jk=8af26b37623864c4,8퍼센트 개발자 (신입/경력),서울 종로구
175,https://kr.indeed.com/viewjob?jk=8e744330952e1893,(인턴십) Robotics Machine Learning Engineer,성남 구미동
176,https://kr.indeed.com/viewjob?jk=663be407a2dc3442,게임 플랫폼 서버 개발,성남 서현역
177,https://kr.indeed.com/viewjob?jk=4a426e3ffacd161c,이상탐지팀- 웹프로그래머,성남 분당구
178,https://kr.indeed.com/viewjob?jk=f915f667e4052f91,Back-end Engineer,서울
179,https://kr.indeed.com/viewjob?jk=2c0226e483779522,시스템 엔지니어링,성남 판교역
180,https://kr.indeed.com/viewjob?jk=01cdfff2d55c2fa5,PMIC S/W APPS Engineering – Senior to St...,서울
181,https://kr.indeed.com/viewjob?jk=8dfc9993e2aa9160,유저프로파일팀 - 데이터 모델러,성남 분당구
182,https://kr.indeed.com/viewjob?jk=e9332c9aa21fc59c,소프트웨어 엔지니어,성남 분당구
183,https://kr.indeed.com/viewjob?jk=3ecc0d5295f6a3ec,글로벌 메이저 소비재 기업 Server Technician (7~12년차...,서울 강남구
184,https://kr.indeed.com/viewjob?jk=7f38721257646550,Cloud Support Eng. II (DMS),서울
185,https://kr.indeed.com/viewjob?jk=613678e409e8667c,데이터 분석 및 지표 구축,성남 분당구
186,https://kr.indeed.com/viewjob?jk=b1a416d3180ab6a7,"UI/UX개발/고객행동분석 (Python, GA, Database)",서울 용산구
187,https://kr.indeed.com/viewjob?jk=71e0b966bf1531df,검색개발,성남 판교역
188,https://kr.indeed.com/viewjob?jk=898c115c445ae128,Linux Developer,인천
189,https://kr.indeed.com/viewjob?jk=e36af236652e8e9d,Data Analyst (CRM),서울
190,https://kr.indeed.com/viewjob?jk=7290be9998348251,빅데이터 및 AI기반의 마케팅 마케터 및 플랫폼기획자,서울 강남구
191,https://kr.indeed.com/viewjob?jk=e1cf26d9df2052c9,인공지능 검색서비스 기획,서울
192,https://kr.indeed.com/viewjob?jk=2313bbf5608c0d1d,AI 개발 팀장 에듀테크 1등기업 new,서울특별시
193,https://kr.indeed.com/viewjob?jk=385c58c7ced1d77b,데이터 사이언티스트 지향하는 데이터 엔지니어,성남 판교역
194,https://kr.indeed.com/viewjob?jk=af4eba857169ba01,[한국오라클] Data Center Technician (Engineer...,강원도 춘천
195,https://kr.indeed.com/viewjob?jk=5f3a399e83a81379,[개발]위메프오 서비스 서버개발자(정규직),대한민국
196,https://kr.indeed.com/viewjob?jk=1b68be0d8cba9f3e,Sales Manager (Born in the Cloud),서울
197,https://kr.indeed.com/viewjob?jk=498cbbf909edbab6,Global Payment 데이터 분석,성남 판교역
198,https://kr.indeed.com/viewjob?jk=a459013391a3d600,Solutions Architect,대한민국
199,https://kr.indeed.com/viewjob?jk=5faf4a69ab8c86ca,[FEG] 리버스 엔지니어,서울 구로구
200,https://kr.indeed.com/viewjob?jk=d0ae3cf7638734ac,데이터 사이언티스트 / Data Scientist,서울
201,https://kr.indeed.com/viewjob?jk=bead3dc73d8a8423,Public 클라우드 환경 AI 플랫폼 상용화/ 구조개선/운영 효율화,서울
202,https://kr.indeed.com/viewjob?jk=5b8d56d7f11903a2,데이터연동개발팀 - 데이터엔지니어,성남 분당구
203,https://kr.indeed.com/viewjob?jk=d11342cfe074df78,Frontend Developer (Javascript/React),서울
201,https://kr.indeed.com/viewjob?jk=d11342cfe074df78,Frontend Developer (Javascript/React),서울
202,https://kr.indeed.com/viewjob?jk=c6bf8184940d37c3,Android Developer,서울
203,https://kr.indeed.com/viewjob?jk=297e6568c740f98e,iOS Developer,서울
204,https://kr.indeed.com/viewjob?jk=c1037225077ca4da,데이터 분석가 (Business Intelligence Analyst),서울 강남구
205,https://kr.indeed.com/viewjob?jk=248f25cc0416aa37,Java Backend Software Engineer,서울
206,https://kr.indeed.com/viewjob?jk=35ab7eed75504ccc,기상청 국가태풍센터 공무직 근로자,대한민국
207,https://kr.indeed.com/viewjob?jk=22a5590c81649937,Senior Technical Consultant,서울
208,https://kr.indeed.com/viewjob?jk=57aa1b90d7626f69,[개발]신사업 프론트 개발자(정규직),대한민국
209,https://kr.indeed.com/viewjob?jk=9b44934f71fd85f6,신규 글로벌 Entertainmant 서비스 API 서버 개발,성남 정자역
210,https://kr.indeed.com/viewjob?jk=9a7fdffe8443eb97,SW개발부문 신입인력,대전 서구
211,https://kr.indeed.com/viewjob?jk=2615f45e6f912c05,"Customer Solutions Engineer, Global Clie...",서울
212,https://kr.indeed.com/viewjob?jk=e787fde04b998e1a,게임이상탐지팀 서비스 개발자,성남 분당구
213,https://kr.indeed.com/viewjob?jk=5f3b7800e776da58,Senior Business Analysis (Strategic Plan...,서울
214,https://kr.indeed.com/viewjob?jk=60099478f439b5b9,"[펜타시큐리티] 보안S/W 개발자 (DB, 인증, 블록체인, 클라우드)",서울 영등포구
215,https://kr.indeed.com/viewjob?jk=d82623a426bb8607,(주)NDSOFT 2020년도 개발자,부산 해운대구
216,https://kr.indeed.com/viewjob?jk=649ccf047c868778,"금융 데이터 분석 엔진, 로보어드바이저 개발자",서울 영등포구
217,https://kr.indeed.com/viewjob?jk=f79f6cd3e91fcc1a,"Principal, Data Engineer (EDW Data Proce...",서울
218,https://kr.indeed.com/viewjob?jk=281fb1cb3dff0cf8,글로벌&모바일 플랫폼 운영을 담당할 를 합니다.,성남 분당구
219,https://kr.indeed.com/viewjob?jk=5123207a169f90eb,Software Developer - Front-End / Back-En...,서울
220,https://kr.indeed.com/viewjob?jk=40454c3ae7eb142d,Data Scientist,서울
221,https://kr.indeed.com/viewjob?jk=9a9e91ae6092ed2d,Developers,경기도 성남
222,https://kr.indeed.com/viewjob?jk=419692b3ddb34768,Analytics Specialist,서울
223,https://kr.indeed.com/viewjob?jk=9bff6cc5a8f53e6e,[개발]웹 서비스 개발자(정규직),대한민국
224,https://kr.indeed.com/viewjob?jk=7af1798e214d4067,Support Engineer _ Devices & IoT,서울
225,https://kr.indeed.com/viewjob?jk=37da5b148b2d3ef4,Senior Data Scientist - AWS Professional...,서울
226,https://kr.indeed.com/viewjob?jk=84348b9371558933,[Autonomous Driving] Software Tool Engin...,대한민국
227,https://kr.indeed.com/viewjob?jk=71c47ac87bb4087e,기술 인턴 인공지능 응용 연구/개발 인턴,서울 관악구
228,https://kr.indeed.com/viewjob?jk=6b65a5a35da64ed3,[카카오 클라우드] 클라우드 개발자(Monitoring as a Serv...,성남 판교역
229,https://kr.indeed.com/viewjob?jk=89a689a00d8170bc,Core Researcher,서울
230,https://kr.indeed.com/viewjob?jk=628e527f7e9ca158,2018년 제2차 기상레이더센터 연구원(장애인) 특별,대한민국
231,https://kr.indeed.com/viewjob?jk=4a426e3ffacd161c,이상탐지팀- 웹프로그래머,성남 분당구
232,https://kr.indeed.com/viewjob?jk=9ee452d13e7568ce,Public 클라우드 기반 AI 플랫폼 구조개선/운영 효율화,대전
233,https://kr.indeed.com/viewjob?jk=a50fce6cc2cb57c9,자연어처리전문가 금융챗봇 만들어 갈 엔지니어,서울 충정로역
234,https://kr.indeed.com/viewjob?jk=5ff17b27cd83a1c0,네트워크 자동화 개발자,성남 분당구
235,https://kr.indeed.com/viewjob?jk=7a08f5e589b10a00,"Senior, Software Engineer (Search Qualit...",서울
236,https://kr.indeed.com/viewjob?jk=a771637c0eeffc26,[Search & Clova] NAVER Search 이미지 검색서버개발...,대한민국
237,https://kr.indeed.com/viewjob?jk=8af26b37623864c4,8퍼센트 개발자 (신입/경력),서울 종로구
238,https://kr.indeed.com/viewjob?jk=ff99efe4f7f952d7,"기술연구소 정규직 연력(Java, C++, Python, 기타) 및 ER...",서울
239,https://kr.indeed.com/viewjob?jk=73457e281df2be21,데이터인프라개발팀 - 데이터 플랫폼 엔지니어,성남 분당구
240,https://kr.indeed.com/viewjob?jk=94064c6864564f7b,CG Artist,대한민국
241,https://kr.indeed.com/viewjob?jk=a97507d8df4035ed,"C-ITS 등 교통산업 컨설팅, 수주 전략 기획, 제안( 대리-차장, 서...",서울
242,https://kr.indeed.com/viewjob?jk=464ef95516a5fa5c,8퍼센트 경력 개발자,서울 종로구
243,https://kr.indeed.com/viewjob?jk=8d0b3a79363b5a69,Business Analyst (Search and Discovery A...,서울
244,https://kr.indeed.com/viewjob?jk=475cc377417d9a5b,데이터수집개발파트,성남 분당구
245,https://kr.indeed.com/viewjob?jk=aa9b2ed0c68a131f,[Search&Clova] Clova AI 이미지/비디오 인식 모델 개발...,대한민국
246,https://kr.indeed.com/viewjob?jk=5ed0334bca0963cb,[Autonomous Driving] Virtual Environment...,대한민국
247,https://kr.indeed.com/viewjob?jk=ae15250b0a7f47e0,데이터 엔지니어,서울 여의도
248,https://kr.indeed.com/viewjob?jk=8d8caa9ce2b86d80,데이터 분석/엔지니어 모집,성남 삼평동
249,https://kr.indeed.com/viewjob?jk=cae2de07045cfb2b,"Java, Python 영상툴 개발자",서울 마곡동
250,https://kr.indeed.com/viewjob?jk=1f542078927eb1e4,Data Center Technician,서울
251,https://kr.indeed.com/viewjob?jk=3b0e3b290f637baf,효성첨단소재(주) 타이어보강재PU 빅데이터 분석 경력사원,대한민국
252,https://kr.indeed.com/viewjob?jk=23548b2d00a906e2,기간제 근로자,대한민국
253,https://kr.indeed.com/viewjob?jk=6a399a2c059ebbb1,System Engineer (South Korea),서울
254,https://kr.indeed.com/viewjob?jk=dd8d522117d4afeb,Solutions Architect III - AWS Korea,서울
251,https://kr.indeed.com/viewjob?jk=d11342cfe074df78,Frontend Developer (Javascript/React),서울
252,https://kr.indeed.com/viewjob?jk=674466316840f8f5,Senior Robotics Software Engineer,서울
253,https://kr.indeed.com/viewjob?jk=16dff836029458af,"모바일 앱 서버 개발(Java, Python)",서울
254,https://kr.indeed.com/viewjob?jk=c2cf32da4ed35d9b,Korea Structuring Junior,대한민국
255,https://kr.indeed.com/viewjob?jk=54b6e2334e44fa8c,2020년 상반기 신입/경력/인턴 수시,경기도 이천
256,https://kr.indeed.com/viewjob?jk=7a08f5e589b10a00,"Senior, Software Engineer (Search Qualit...",서울
257,https://kr.indeed.com/viewjob?jk=3e617a8ed7934773,Quant 트레이딩 부문,대한민국
258,https://kr.indeed.com/viewjob?jk=f81b03b26abefd26,인공지능AI 기술연구개발(이미지 학습/자동채색/자동번역),성남 분당구
259,https://kr.indeed.com/viewjob?jk=dd06066d79860614,MySQL Engineer,성남 판교역
260,https://kr.indeed.com/viewjob?jk=a358a39da5dfc360,[NAVERxLINE] Global Ad Data Engineer/AI...,대한민국
261,https://kr.indeed.com/viewjob?jk=e787fde04b998e1a,게임이상탐지팀 서비스 개발자,성남 분당구
262,https://kr.indeed.com/viewjob?jk=19b44e0d17d112e2,분석실 - 베이지안 분석 전문가,성남 분당구
263,https://kr.indeed.com/viewjob?jk=4fa50f2ffd370bae,얼굴모션 캡처기술 인공지능(AI) 연구개발 전문기업,경기도
264,https://kr.indeed.com/viewjob?jk=5ff17b27cd83a1c0,네트워크 자동화 개발자,성남 분당구
265,https://kr.indeed.com/viewjob?jk=85929aac498299cc,데이터 사이언스 전문가 및 머신러닝 전문가,성남 판교역
266,https://kr.indeed.com/viewjob?jk=464ef95516a5fa5c,8퍼센트 경력 개발자,서울 종로구
267,https://kr.indeed.com/viewjob?jk=5ee29e41129934a3,파이썬 중급개발자,서울 강남구
268,https://kr.indeed.com/viewjob?jk=d9086035792f01d0,AI 기반 로봇 서비스 개발 그룹 IT 인프라 구축,서울특별시
269,https://kr.indeed.com/viewjob?jk=6c6ccc05ec15dc41,Design for Test (DFT) Engineer,대한민국
270,https://kr.indeed.com/viewjob?jk=6863b8ecbee9cb28,Big Data Engineer,서울
271,https://kr.indeed.com/viewjob?jk=e4952de43fa31517,[S/W] Data Scientist,대한민국
272,https://kr.indeed.com/viewjob?jk=48dad3996c523b2f,Cloud Platform FrontEnd 개발 (UIE),성남 서현역
273,https://kr.indeed.com/viewjob?jk=bd47be8c217b1a6e,PDC SW Engineer (R&D Extension),경기도 화성
274,https://kr.indeed.com/viewjob?jk=d498993697237b33,AI(인공지능) 개발자,서울
275,https://kr.indeed.com/viewjob?jk=00c70210544b56f4,(주)쎄미시스코 소프트웨어 개발자,수원 권선구
276,https://kr.indeed.com/viewjob?jk=32e48945651ff494,"서버개발/웹개발/모바일(안드로이드,IOS)",서울 오금동
277,https://kr.indeed.com/viewjob?jk=01cdfff2d55c2fa5,PMIC S/W APPS Engineering – Senior to St...,서울
278,https://kr.indeed.com/viewjob?jk=691f61972f31c777,이탈방지팀-서비스 개발자,성남 분당구
279,https://kr.indeed.com/viewjob?jk=8925ce6bab9d00d6,바디모션 캡처기술 인공지능(AI) 연구개발 전문기업,경기도
280,https://kr.indeed.com/viewjob?jk=5b35f31ea016d1d3,"대기업 연구센터 IoT기술(Discrete Event System,머신러...",서울
281,https://kr.indeed.com/viewjob?jk=c1936b77c8be4bcf,빅데이터 플랫폼 및 BI시스템 구축 그룹 IT계열사,서울특별시
282,https://kr.indeed.com/viewjob?jk=0fea9598510abf0e,Effect Supervisor (경력 10년 이상) Effect Art...,서울 서초구
283,https://kr.indeed.com/viewjob?jk=8da5c72baf146123,Site Engineer (Seoul),서울
284,https://kr.indeed.com/viewjob?jk=2bd4dbc4b81c0bd3,모바일 뱅킹앱 서비스의 설계/기획 경력 [저축은행그룹 모기업],서울 구로구
285,https://kr.indeed.com/viewjob?jk=b085b3c302873fcc,Staff RF Production Test Engineer,서울
286,https://kr.indeed.com/viewjob?jk=6b86ea39985912b6,TOAST Cloud 사업기획/영업,성남 판교역
287,https://kr.indeed.com/viewjob?jk=d0ad8d53ad979e23,Software Integration Engineer,서울
288,https://kr.indeed.com/viewjob?jk=b574f1454ae36aab,Cross Border Ecommerce - Business Intell...,서울
289,https://kr.indeed.com/viewjob?jk=4233609a843b5e96,분석지원팀 - 데이터 분석가,성남 분당구
290,https://kr.indeed.com/viewjob?jk=37d1f6dbb37f8a38,대용량 분산 스토리지 개발자,성남 판교역
291,https://kr.indeed.com/viewjob?jk=bead3dc73d8a8423,Public 클라우드 환경 AI 플랫폼 상용화/ 구조개선/운영 효율화,서울
292,https://kr.indeed.com/viewjob?jk=7b1bf7ccf8fdf4bb,인공지능 소프트웨어 엔지니어,서울
293,https://kr.indeed.com/viewjob?jk=2cca42ee0951d4be,"Principal, Business Analysis (Coupang Ea...",서울
294,https://kr.indeed.com/viewjob?jk=39d1abf861dbdb6e,[AI Lab] AI 백엔드 엔지니어,서울
295,https://kr.indeed.com/viewjob?jk=7ef22311fbf5c3c0,[S/W] AI agent QA(Quality Assurance) Eng...,대한민국
296,https://kr.indeed.com/viewjob?jk=ffd9cedb23e97344,파이썬SW 금융분야 특화 챗봇 개발 함께 할 엔지니어,서울 충정로역
297,https://kr.indeed.com/viewjob?jk=5f3a399e83a81379,[개발]위메프오 서비스 서버개발자(정규직),대한민국
298,https://kr.indeed.com/viewjob?jk=45a8d1ec64004328,"[해외취업] IT 프로그래머,web개발 엔지니어,Java프로그래머,인프라...",대한민국
299,https://kr.indeed.com/viewjob?jk=2a4041f0b6aeb27b,"RF SW Engineer, Senior",서울
300,https://kr.indeed.com/viewjob?jk=cac18e6bcbee5a21,Front end 개발자,성남 분당구
301,https://kr.indeed.com/viewjob?jk=0c1f05a0f45f5b4e,동남아 모바일 대출 기획 및 운영,성남 판교역
302,https://kr.indeed.com/viewjob?jk=c6bf8184940d37c3,Android Developer,서울
303,https://kr.indeed.com/viewjob?jk=297e6568c740f98e,iOS Developer,서울
304,https://kr.indeed.com/viewjob?jk=c1037225077ca4da,데이터 분석가 (Business Intelligence Analyst),서울 강남구
301,https://kr.indeed.com/viewjob?jk=d11342cfe074df78,Frontend Developer (Javascript/React),서울
302,https://kr.indeed.com/viewjob?jk=fe5510b9dff5b159,2018년도 국가기상위성센터 공무직근로자(연구원) (전문연구요원 포함),대한민국
303,https://kr.indeed.com/viewjob?jk=7f0f05a7cbb72be3,[에이치랩] 웹 개발자(Back-end),서울 마포구
304,https://kr.indeed.com/viewjob?jk=c785e5a157d59ddd,"[해외취업] 캐나다, Samsung Ads. Application Spe...",대한민국
305,https://kr.indeed.com/viewjob?jk=a17c4dc1964c2add,이브이패스 데이터분석팀 직원,제주 제주시
306,https://kr.indeed.com/viewjob?jk=7f28afa9faba22bd,모바일앱 분석툴 유저해빗 웹개발자,서울 마포구
307,https://kr.indeed.com/viewjob?jk=039e10f8ff760b78,O2O서비스 커머스 데이터 분석(대리-차장/서울),서울
308,https://kr.indeed.com/viewjob?jk=ee5df99ada829d81,SI 프로젝트 개발자 (계약직 및 프리랜서),서울 구로구
309,https://kr.indeed.com/viewjob?jk=872e4ef109d7872a,"Principal, Data Analyst (FC & Transporta...",서울
310,https://kr.indeed.com/viewjob?jk=1c7e995da2a8a30a,자연어처리/텍스트분석 엔진 개발 및 서비스 개발(대리(6년)-차장(16년...,서울
311,https://kr.indeed.com/viewjob?jk=f044d9361c664f80,Technical Trainer - Amazon Web Services,서울
312,https://kr.indeed.com/viewjob?jk=c079b7ac33a5079e,[유통대기업] 데이터 분석 전문가 (팀장/ 차부장급),서울 강서구
313,https://kr.indeed.com/viewjob?jk=e5098c47e3662580,BI 운영 그룹 주력계열사,서울특별시
314,https://kr.indeed.com/viewjob?jk=ed8f2d4e613fb977,[던전앤파이터] 2D/3D 그래픽 기술개발 부문 (TA/엔진프로그래머/툴...,서울 강남구
315,https://kr.indeed.com/viewjob?jk=7bf179a290a157b2,경험최적화파트 - 머신러닝 엔지니어,성남 분당구
316,https://kr.indeed.com/viewjob?jk=4fa50f2ffd370bae,얼굴모션 캡처기술 인공지능(AI) 연구개발 전문기업,경기도
317,https://kr.indeed.com/viewjob?jk=8925ce6bab9d00d6,바디모션 캡처기술 인공지능(AI) 연구개발 전문기업,경기도
318,https://kr.indeed.com/viewjob?jk=36ed6aa879eb32f7,[IT대기업] Data Scientist (과장~부장급),서울
319,https://kr.indeed.com/viewjob?jk=c499b3dde5c2e196,데이터인프라개발팀 - 데이터 엔지니어,성남 분당구
320,https://kr.indeed.com/viewjob?jk=475bfcb9fe2956fa,"Solution Architect, Data Scientist - WWF...",서울
321,https://kr.indeed.com/viewjob?jk=77d8e0149dad533b,블록체인인터넷경제 연구센터 위촉연구원,광주 북구
322,https://kr.indeed.com/viewjob?jk=518298c796a11371,2020 상반기 개발직군,서울 서초구
323,https://kr.indeed.com/viewjob?jk=692486e7a2b0522e,데브옵스 솔루션 개발자,성남 분당구
324,https://kr.indeed.com/viewjob?jk=8fed3be0c61156c9,벡엔드 및 인프라 개발자,서울 강남구
325,https://kr.indeed.com/viewjob?jk=00c70210544b56f4,(주)쎄미시스코 소프트웨어 개발자,수원 권선구
326,https://kr.indeed.com/viewjob?jk=510c964a8b329518,"스마트팜 환경제어 어플리케이션 개발, 유지보수 프로그래머",고양 덕양구
327,https://kr.indeed.com/viewjob?jk=ed01bcce65f5abd3,Mechanical BOP 그룹 유망계열사,경기도
328,https://kr.indeed.com/viewjob?jk=9b03fb4dca96750c,2분기 개발자,서울 서초구
329,https://kr.indeed.com/viewjob?jk=978edf4ea4db4d6c,Senior Full-stack Developer,서울
330,https://kr.indeed.com/viewjob?jk=cac18e6bcbee5a21,Front end 개발자,성남 분당구
331,https://kr.indeed.com/viewjob?jk=d48c925acb7e4187,IT기획(대리-과장급) 초빙 - 유명 유통사,서울
332,https://kr.indeed.com/viewjob?jk=a6716c0e2f2a3e37,[해외취업] 캘리포니아 주에 위치한 모바일 액세서리 기업 #S사 Back...,대한민국
333,https://kr.indeed.com/viewjob?jk=2313bbf5608c0d1d,AI 개발 팀장 에듀테크 1등기업 new,서울특별시
334,https://kr.indeed.com/viewjob?jk=d425b24146af3fa1,지구·환경공학부 환경시스템공학 연구실 위촉연구원,광주 북구
335,https://kr.indeed.com/viewjob?jk=3cc6771ec537db8c,웹 개발자 채용,서울 공덕동
336,https://kr.indeed.com/viewjob?jk=a3a65a4d59061430,위시켓과 함께할 서버개발자님,서울 강남구
337,https://kr.indeed.com/viewjob?jk=faf0422473d4188a,[Search & Clova] 쇼핑검색 AI 기술 개발 신입/경력사원,대한민국
338,https://kr.indeed.com/viewjob?jk=c13abffb44505877,NXLog팀 - 소프트웨어 엔지니어,성남 분당구
339,https://kr.indeed.com/viewjob?jk=9b123ff73f89c0e5,[개발]상담시스템 백엔드 개발자(정규직),대한민국
340,https://kr.indeed.com/viewjob?jk=7adfd2b51f057d3a,경력사원 수시,서울
341,https://kr.indeed.com/viewjob?jk=cf8421bb60700bb3,인공지능/빅데이터 스타트업 서버 개발자 경력 계약직,서울 서초구
342,https://kr.indeed.com/viewjob?jk=90104004fabe2502,[Search & Clova] 글로벌 콘텐츠 검색/ AI 기술 개발 신입...,대한민국
343,https://kr.indeed.com/viewjob?jk=8aeedb3a2dba74b6,Software Test Engineer for HANA Engine I...,서울
344,https://kr.indeed.com/viewjob?jk=85b7c214e0cdfc5f,SW개발 부문 경력인력,대전 서구
345,https://kr.indeed.com/viewjob?jk=801392fe044e4ba7,Platform/BSP SW APPS Engineering - Engin...,서울
346,https://kr.indeed.com/viewjob?jk=695dda5fbc779a3c,경영본부 - 회계파트/ 자금파트/ 인사총무파트,서울 강남구
347,https://kr.indeed.com/viewjob?jk=dcafe087f86aaa47,경력사원 수시,서울
348,https://kr.indeed.com/viewjob?jk=fb21ea899c7580fe,[S/W] Speech Recognition & Synthesis Eng...,대한민국
349,https://kr.indeed.com/viewjob?jk=e5c63f4e86ceefda,Technical / UX Writer,서울
350,https://kr.indeed.com/viewjob?jk=b5f011215f2f118e,2019년 기상청 국가태풍센터 공무직 근로자,대한민국
351,https://kr.indeed.com/viewjob?jk=c1936b77c8be4bcf,빅데이터 플랫폼 및 BI시스템 구축 그룹 IT계열사,서울특별시
352,https://kr.indeed.com/viewjob?jk=c6bf8184940d37c3,Android Developer,서울
353,https://kr.indeed.com/viewjob?jk=297e6568c740f98e,iOS Developer,서울
354,https://kr.indeed.com/viewjob?jk=c1037225077ca4da,데이터 분석가 (Business Intelligence Analyst),서울 강남구
351,https://kr.indeed.com/viewjob?jk=d11342cfe074df78,Frontend Developer (Javascript/React),서울
352,https://kr.indeed.com/viewjob?jk=2cfcbfbe70232dbc,Technical Leader - OPC,경기도 성남
353,https://kr.indeed.com/viewjob?jk=9e813356712bbe78,Cloud Support Eng. II (Dep),서울
354,https://kr.indeed.com/viewjob?jk=22a5590c81649937,Senior Technical Consultant,서울
355,https://kr.indeed.com/viewjob?jk=a97507d8df4035ed,"C-ITS 등 교통산업 컨설팅, 수주 전략 기획, 제안( 대리-차장, 서...",서울
356,https://kr.indeed.com/viewjob?jk=79aa0ecba6067f06,[Clova] Clova Platform Backend 개발자 경력사원,대한민국
357,https://kr.indeed.com/viewjob?jk=91d6041cfb272f25,(IT인프라) 보안팀 엔지니어,성남 백현동
358,https://kr.indeed.com/viewjob?jk=fa32e47d04a9f932,모바일 보안,성남 판교역
359,https://kr.indeed.com/viewjob?jk=8d5fb56befa7d95d,경력/신입사원 채용,창원 양덕동
360,https://kr.indeed.com/viewjob?jk=8d0b3a79363b5a69,Business Analyst (Search and Discovery A...,서울
361,https://kr.indeed.com/viewjob?jk=37127548f83bb7f7,[Search & Clova] 네이버 웹검색 연구/개발 경력사원,대한민국
362,https://kr.indeed.com/viewjob?jk=ff2f8c996186ab4d,Cloud Application Architect - Profession...,서울
363,https://kr.indeed.com/viewjob?jk=00427fa2d835d4a1,소프트웨어 신입/경력 정규직,경상북도 경산
364,https://kr.indeed.com/viewjob?jk=94242432ba095bac,기업부설연구소 경력직 연구원(정규직) 공개,서울 구로구
365,https://kr.indeed.com/viewjob?jk=bd47be8c217b1a6e,PDC SW Engineer (R&D Extension),경기도 화성
366,https://kr.indeed.com/viewjob?jk=d8acf67d97b07247,기상청(국가태풍센터) 공무직 근로자 (연장),대한민국
367,https://kr.indeed.com/viewjob?jk=273d830a0c62aedd,솔루션 프론트엔드 개발자,성남 분당구
368,https://kr.indeed.com/viewjob?jk=7db25ada717266e0,[Search&Clova] Clova AI AiCall 개발자 경력사원,대한민국
369,https://kr.indeed.com/viewjob?jk=88b7dece067cd1c6,AI Algorithm Developer,서울 강남구
370,https://kr.indeed.com/viewjob?jk=1748baa27965fdbf,"MVP 개발 엔지니어(서버, 웹프론트) (정규직, 계약직, 프리랜서)",대전 중구
371,https://kr.indeed.com/viewjob?jk=a6a4b500fa0340d4,"Director, Software Engineering (Coupang...",서울
372,https://kr.indeed.com/viewjob?jk=fb21ea899c7580fe,[S/W] Speech Recognition & Synthesis Eng...,대한민국
373,https://kr.indeed.com/viewjob?jk=719aaaeffd746a04,FPGA 플랫폼 엔지니어(딥러닝 하드웨어 프로세서 개발),성남 분당구
374,https://kr.indeed.com/viewjob?jk=1a5cda61b51c21b7,SAP Architect,서울
375,https://kr.indeed.com/viewjob?jk=e38f22d6852a857a,Sales Engineer (APAC),서울
376,https://kr.indeed.com/viewjob?jk=2d2a8d27afe2c3ea,팀리딩 가능한 응용 프로그램 개발자,서울 송파구
377,https://kr.indeed.com/viewjob?jk=af5683389907a8c9,백엔드 개발자 (경력),서울 여의도
378,https://kr.indeed.com/viewjob?jk=c13abffb44505877,NXLog팀 - 소프트웨어 엔지니어,성남 분당구
379,https://kr.indeed.com/viewjob?jk=8d8caa9ce2b86d80,데이터 분석/엔지니어 모집,성남 삼평동
380,https://kr.indeed.com/viewjob?jk=281fb1cb3dff0cf8,글로벌&모바일 플랫폼 운영을 담당할 를 합니다.,성남 분당구
381,https://kr.indeed.com/viewjob?jk=33bb520c1a77ad4c,JAVA 개발자 대규모 인재 [광고플랫폼 업계1위/청년친화강소기업],서울 구로구
382,https://kr.indeed.com/viewjob?jk=d2ca1a4025dbb1a7,"기업부설연구소 연구원 (인공지능(AI), 딥러닝), 소프트웨어 개발자 신...",서울 금천구
383,https://kr.indeed.com/viewjob?jk=0ab285258b1cb206,저축은행 앱마케팅팀 데이터분석,서울 구로구
384,https://kr.indeed.com/viewjob?jk=606646e13ad5c569,Solution Architect,서울
385,https://kr.indeed.com/viewjob?jk=b9974ad79659bb6d,"카카오콘 앱(iOS), 서버 경력 개발자",대한민국
386,https://kr.indeed.com/viewjob?jk=9b123ff73f89c0e5,[개발]상담시스템 백엔드 개발자(정규직),대한민국
387,https://kr.indeed.com/viewjob?jk=7b1bf7ccf8fdf4bb,인공지능 소프트웨어 엔지니어,서울
388,https://kr.indeed.com/viewjob?jk=f10477b81840d778,데이터 분석가 / Business Analyst,서울
389,https://kr.indeed.com/viewjob?jk=cac18e6bcbee5a21,Front end 개발자,성남 분당구
390,https://kr.indeed.com/viewjob?jk=77d8e0149dad533b,블록체인인터넷경제 연구센터 위촉연구원,광주 북구
391,https://kr.indeed.com/viewjob?jk=67a92be234325f85,[해외취업] AI 엔지니어,대한민국
392,https://kr.indeed.com/viewjob?jk=5c6723a17ad467f6,Solutions Architect - Amazon Connect,서울
393,https://kr.indeed.com/viewjob?jk=754348a9c3f08d66,Full Stack Developer,서울
394,https://kr.indeed.com/viewjob?jk=560f81c17f11a675,[링크업] 글로벌 ERP회사인 Odoo 웹 개발자.,서울 마포구
395,https://kr.indeed.com/viewjob?jk=b7be58e7af38d186,Developer (개발자),경기도 성남
396,https://kr.indeed.com/viewjob?jk=35ab7eed75504ccc,기상청 국가태풍센터 공무직 근로자,대한민국
397,https://kr.indeed.com/viewjob?jk=1ea7188c1b87f679,"Principal, Business Analysis (eCommerce...",서울
398,https://kr.indeed.com/viewjob?jk=d425b24146af3fa1,지구·환경공학부 환경시스템공학 연구실 위촉연구원,광주 북구
399,https://kr.indeed.com/viewjob?jk=2892c67308e87f01,Field Data Scientist,경기도
400,https://kr.indeed.com/viewjob?jk=7f28afa9faba22bd,모바일앱 분석툴 유저해빗 웹개발자,서울 마포구
401,https://kr.indeed.com/viewjob?jk=5b466717bb497876,"JAVA, PHP 외 경력 정규직",서울 영등포구
402,https://kr.indeed.com/viewjob?jk=c6bf8184940d37c3,Android Developer,서울
403,https://kr.indeed.com/viewjob?jk=297e6568c740f98e,iOS Developer,서울
404,https://kr.indeed.com/viewjob?jk=c1037225077ca4da,데이터 분석가 (Business Intelligence Analyst),서울 강남구
401,https://kr.indeed.com/viewjob?jk=d11342cfe074df78,Frontend Developer (Javascript/React),서울
402,https://kr.indeed.com/viewjob?jk=1d98c46b4900b7e6,Pipeline TD,서울 서초구
403,https://kr.indeed.com/viewjob?jk=9214061c8bc345b2,FX,서울 서초구
404,https://kr.indeed.com/viewjob?jk=2892c67308e87f01,Field Data Scientist,경기도
405,https://kr.indeed.com/viewjob?jk=42854af9a9301b2e,2016년도 상반기 국립기상과학원 기간제근로자(소프트웨어기사),대한민국
406,https://kr.indeed.com/viewjob?jk=ffd9cedb23e97344,파이썬SW 금융분야 특화 챗봇 개발 함께 할 엔지니어,서울 충정로역
407,https://kr.indeed.com/viewjob?jk=560f81c17f11a675,[링크업] 글로벌 ERP회사인 Odoo 웹 개발자.,서울 마포구
408,https://kr.indeed.com/viewjob?jk=a93153e898855084,2019년도 기후과학국 공무직 근로자,대한민국
409,https://kr.indeed.com/viewjob?jk=5890f6684fe883b7,2019년도 기상청 기후과학국 공무직 근로자 (연장),대한민국
410,https://kr.indeed.com/viewjob?jk=7772fd53bc80acde,Senior Business Analyst (Retail Program...,서울
411,https://kr.indeed.com/viewjob?jk=a90457066bb577a4,Cloud Support Eng. II (Lin),서울
412,https://kr.indeed.com/viewjob?jk=7f38721257646550,Cloud Support Eng. II (DMS),서울
413,https://kr.indeed.com/viewjob?jk=e010f7780d479126,검색서비스 서버 개발 신입/경력,서울 관악구
414,https://kr.indeed.com/viewjob?jk=5085c1b0a277bf9a,2014년도 국립기상연구소 상반기 연구원(기간제근로자),대한민국
415,https://kr.indeed.com/viewjob?jk=88b7dece067cd1c6,AI Algorithm Developer,서울 강남구
416,https://kr.indeed.com/viewjob?jk=f5518c7184bf0f10,"AI,BIG DATA개발 경력직",부산 해운대구
417,https://kr.indeed.com/viewjob?jk=6718bba08ef6e20b,모바일 앱 보안 솔루션 개발부문,서울 용산구
418,https://kr.indeed.com/viewjob?jk=882ce3f45214f1b1,Junior and/or Senior Engineers for MySQL...,서울
419,https://kr.indeed.com/viewjob?jk=ff2f8c996186ab4d,Cloud Application Architect - Profession...,서울
420,https://kr.indeed.com/viewjob?jk=8ae7c240ef7d5f0b,카카오 분석 플랫폼 경력 개발자,성남 판교역
421,https://kr.indeed.com/viewjob?jk=2e7b4cdaddc82b04,Surfacing,서울 서초구
422,https://kr.indeed.com/viewjob?jk=9b7db1d582a31e2c,딥러닝 소프트웨어 개발자 찾습니다.,서울 서초구
423,https://kr.indeed.com/viewjob?jk=2625bdacef9c5d08,"Specialist Solutions Architect III, AI/M...",서울
424,https://kr.indeed.com/viewjob?jk=677bb425dc2caf7e,"Software Engineering Manager, Server",서울
425,https://kr.indeed.com/viewjob?jk=af1c75601986e224,"(주)트윔 개발자(경력직) 빅데이터,영상처리,머신비전/AI 딥러닝",경기도 화성
426,https://kr.indeed.com/viewjob?jk=674466316840f8f5,Senior Robotics Software Engineer,서울
427,https://kr.indeed.com/viewjob?jk=d2ca1a4025dbb1a7,"기업부설연구소 연구원 (인공지능(AI), 딥러닝), 소프트웨어 개발자 신...",서울 금천구
428,https://kr.indeed.com/viewjob?jk=5c6723a17ad467f6,Solutions Architect - Amazon Connect,서울
429,https://kr.indeed.com/viewjob?jk=081ba90fcfa975e3,4G LTE/5G NR Software Engineer,서울 신대방동
430,https://kr.indeed.com/viewjob?jk=9fb50d6eec9e7045,인간중심 지능형 시스템 연구실 위촉연구원,광주 북구
431,https://kr.indeed.com/viewjob?jk=1a6b3a1ea5050b89,2016년도 국립기상과학원 1분기 연구원(기간제근로자),대한민국
432,https://kr.indeed.com/viewjob?jk=5ee29e41129934a3,파이썬 중급개발자,서울 강남구
433,https://kr.indeed.com/viewjob?jk=dc821489255954fd,Developer Advocate,서울
434,https://kr.indeed.com/viewjob?jk=dbe0f6f7da20d201,"Principal, Back-end Engineer (Seller Por...",서울
435,https://kr.indeed.com/viewjob?jk=6330ea418e4347c4,"[긴급] C-ITS 등 교통산업 컨설팅, 수주 전략 기획, 제안 ( 대리...",서울
436,https://kr.indeed.com/viewjob?jk=606646e13ad5c569,Solution Architect,서울
437,https://kr.indeed.com/viewjob?jk=91d6041cfb272f25,(IT인프라) 보안팀 엔지니어,성남 백현동
438,https://kr.indeed.com/viewjob?jk=6b86ea39985912b6,TOAST Cloud 사업기획/영업,성남 판교역
439,https://kr.indeed.com/viewjob?jk=7290be9998348251,빅데이터 및 AI기반의 마케팅 마케터 및 플랫폼기획자,서울 강남구
440,https://kr.indeed.com/viewjob?jk=db942c4ebdfb908a,2015년도 하반기 국립기상과학원 연구원(기간제근로자) (마감: 2015...,대한민국
441,https://kr.indeed.com/viewjob?jk=2cca42ee0951d4be,"Principal, Business Analysis (Coupang Ea...",서울
442,https://kr.indeed.com/viewjob?jk=1f7f2b48cf91125b,DBA담당자,서울 강남구
443,https://kr.indeed.com/viewjob?jk=c16d65e660e7e744,"Principal, Data Engineer (Pricing Compet...",서울
444,https://kr.indeed.com/viewjob?jk=1ea7188c1b87f679,"Principal, Business Analysis (eCommerce...",서울
445,https://kr.indeed.com/viewjob?jk=a8b83b3070bb370a,Tech U Associate Technical Trainer - 202...,서울
446,https://kr.indeed.com/viewjob?jk=01cdfff2d55c2fa5,PMIC S/W APPS Engineering – Senior to St...,서울
447,https://kr.indeed.com/viewjob?jk=5164238b12d010da,인공지능(AI) SW개발 담당 0명 자동화 산업장비 제조업 new,대한민국
448,https://kr.indeed.com/viewjob?jk=2d2a8d27afe2c3ea,팀리딩 가능한 응용 프로그램 개발자,서울 송파구
449,https://kr.indeed.com/viewjob?jk=184b0b4e3ca1c557,Pricing - Regional Contributions Analyst...,서울
450,https://kr.indeed.com/viewjob?jk=b964a03867237f11,백엔드 개발자 경력 (대전),대전 유성구
451,https://kr.indeed.com/viewjob?jk=85687b250386c4be,qe 소프트웨어 엔지니어,대한민국
452,https://kr.indeed.com/viewjob?jk=c6bf8184940d37c3,Android Developer,서울
453,https://kr.indeed.com/viewjob?jk=297e6568c740f98e,iOS Developer,서울
451,https://kr.indeed.com/viewjob?jk=d11342cfe074df78,Frontend Developer (Javascript/React),서울
452,https://kr.indeed.com/viewjob?jk=20ccc59a88ee7847,"대기업(연구센터) Data Scientist 채용, 석사이상",서울
453,https://kr.indeed.com/viewjob?jk=750977c97eeed4d5,랩오투원 신입/경력 개발자,부산
454,https://kr.indeed.com/viewjob?jk=204308e277d085e3,DevOps Consultant - Professional Service...,서울
455,https://kr.indeed.com/viewjob?jk=1a5cda61b51c21b7,SAP Architect,서울
456,https://kr.indeed.com/viewjob?jk=b06176c3a7092e0a,Customer Facing Data Scientist,서울
457,https://kr.indeed.com/viewjob?jk=ee7e4f2e5d69f84c,DRE - Build Engineer,서울
458,https://kr.indeed.com/viewjob?jk=dc23e8d8590f10e6,(스마트스터디게임즈) 모바일 앱 개발자,서울 서초동
459,https://kr.indeed.com/viewjob?jk=62d8726bc5e89cf8,"딥러닝, 인공지능(AI) 외 경력 정규직",서울 성동구
460,https://kr.indeed.com/viewjob?jk=1fed0b76bf278b41,2014년도 국립기상연구소 연구원(기간제근로자) 특별 (기상기후 빅데이터...,대한민국
461,https://kr.indeed.com/viewjob?jk=6f88041c28b6c1ae,한글 Q&A 시스템 연구 개발 신입/경력사원,서울 관악구
462,https://kr.indeed.com/viewjob?jk=2a022297d291f917,"[해외취업] 중국, RAKUTEN, Senior QA Engineer_M...",대한민국
463,https://kr.indeed.com/viewjob?jk=b2ebc1da56d8b120,GNI 소프트웨어 개발자,울산 북구
464,https://kr.indeed.com/viewjob?jk=78d1ec77f4a5e0dc,기후 분석&모델링연구실 시간제연구원,광주 북구
465,https://kr.indeed.com/viewjob?jk=c495ae06620d2544,Junior and/or Senior S/W Engineers for C...,서울
466,https://kr.indeed.com/viewjob?jk=2bd4dbc4b81c0bd3,모바일 뱅킹앱 서비스의 설계/기획 경력 [저축은행그룹 모기업],서울 구로구
467,https://kr.indeed.com/viewjob?jk=10ddf37c7b70f83b,[해외취업] 고급 IT 엔지니어,대한민국
468,https://kr.indeed.com/viewjob?jk=80d3108dade97b0f,Back-end Developer,서울
469,https://kr.indeed.com/viewjob?jk=ba26ecf33dcf82ad,(경력) 정규직 웹개발자,대전 서구
470,https://kr.indeed.com/viewjob?jk=449e0f73f32c6c7a,Cloud 서비스 (Infra as a Service) 개발자 (경력),성남 판교역
471,https://kr.indeed.com/viewjob?jk=16dff836029458af,"모바일 앱 서버 개발(Java, Python)",서울
472,https://kr.indeed.com/viewjob?jk=10530ea7d98370b7,Data Scientist (Analytics Modeling Exper...,서울
473,https://kr.indeed.com/viewjob?jk=2a1d77bd91952093,(주)엘솔루 개발자,서울
474,https://kr.indeed.com/viewjob?jk=ed3686b9c2eea9ad,"Principal, Data Engineer (Pricing Tech)",서울
475,https://kr.indeed.com/viewjob?jk=754348a9c3f08d66,Full Stack Developer,서울
476,https://kr.indeed.com/viewjob?jk=06c262a673804071,Senior Data Architect,서울
477,https://kr.indeed.com/viewjob?jk=6863b8ecbee9cb28,Big Data Engineer,서울
478,https://kr.indeed.com/viewjob?jk=04f3458db4cc1f14,데이터 엔지니어,대한민국
479,https://kr.indeed.com/viewjob?jk=0ab285258b1cb206,저축은행 앱마케팅팀 데이터분석,서울 구로구
480,https://kr.indeed.com/viewjob?jk=48dad3996c523b2f,Cloud Platform FrontEnd 개발 (UIE),성남 서현역
481,https://kr.indeed.com/viewjob?jk=e8d1c3f88e0b200b,Data Scientist,서울 강남구
482,https://kr.indeed.com/viewjob?jk=98ce457f0c17a02e,Junior and/or Senior S/W Engineers for H...,서울
483,https://kr.indeed.com/viewjob?jk=cbfaf43db43ea8f9,Data engineer,서울 공덕동
484,https://kr.indeed.com/viewjob?jk=cfdd56fef2ec9c47,Cloud Support Eng. II (Net),서울
485,https://kr.indeed.com/viewjob?jk=a3382324e4260dbd,[IT대기업] AI 플랫폼 구조개선/운영 효율화(서울),대전
486,https://kr.indeed.com/viewjob?jk=315c65b8337d3e7a,React Native Developer,서울
487,https://kr.indeed.com/viewjob?jk=4ce8d6cf492225ed,"금융대기업 (연구센터) NLP 경력자, 석사이상",서울
488,https://kr.indeed.com/viewjob?jk=f5f3bc6e243a4d9e,[유펜솔루션] 웹 크롤링 엔진 개발자 경력 (서울),서울 강남구
489,https://kr.indeed.com/viewjob?jk=ca46d5dccd5e9d73,Video Analytics(VA) Software Developer,서울
490,https://kr.indeed.com/viewjob?jk=d498993697237b33,AI(인공지능) 개발자,서울
491,https://kr.indeed.com/viewjob?jk=33ebcf38f48da430,웹 개발자 (프론트엔드 신입/경력 무관,서울 광진구
492,https://kr.indeed.com/viewjob?jk=4bd2e836d472ecba,[해외취업] 얼바인 소재 모바일 엑세서리 대기업 하반기 _Front-En...,대한민국
493,https://kr.indeed.com/viewjob?jk=9681ee519a4f870e,게임밸런스 (게임 시뮬레이터),성남 분당구
494,https://kr.indeed.com/viewjob?jk=9e813356712bbe78,Cloud Support Eng. II (Dep),서울
495,https://kr.indeed.com/viewjob?jk=0df2999925f12355,Sr. Back-end Engineer (Query Understandi...,서울
496,https://kr.indeed.com/viewjob?jk=d90b5ba4ce618721,"Sr. Solutions Architect, Storage",서울
497,https://kr.indeed.com/viewjob?jk=bc4a0e62c7c3d510,테크니컬 아키텍트,서울
498,https://kr.indeed.com/viewjob?jk=b51409eeb3546749,[KSTEC] RPA 시스템 개발 경력사원,성남 분당구
499,https://kr.indeed.com/viewjob?jk=e1cf26d9df2052c9,인공지능 검색서비스 기획,서울
500,https://kr.indeed.com/viewjob?jk=dd34d9838bc38782,Android 앱개발자 (경력3년이상),서울 강남구
501,https://kr.indeed.com/viewjob?jk=f4da103184185deb,백엔드 개발자 경력 (서울),서울 강남구
502,https://kr.indeed.com/viewjob?jk=c6bf8184940d37c3,Android Developer,서울
503,https://kr.indeed.com/viewjob?jk=297e6568c740f98e,iOS Developer,서울
501,https://kr.indeed.com/viewjob?jk=d11342cfe074df78,Frontend Developer (Javascript/React),서울
502,https://kr.indeed.com/viewjob?jk=c6bf8184940d37c3,Android Developer,서울
503,https://kr.indeed.com/viewjob?jk=297e6568c740f98e,iOS Developer,서울
504,https://kr.indeed.com/viewjob?jk=d0ad8d53ad979e23,Software Integration Engineer,서울
505,https://kr.indeed.com/viewjob?jk=1622a08497f8c091,Data Scientist,서울
506,https://kr.indeed.com/viewjob?jk=8becbf73bbda7c96,2019 Military Service Exemption Position...,울산 언양읍
507,https://kr.indeed.com/viewjob?jk=67e90e28e81d778d,데이터분석,서울
508,https://kr.indeed.com/viewjob?jk=881a1aa0f0646335,Tech U Associate Professional Services C...,서울
509,https://kr.indeed.com/viewjob?jk=9a44a1a18ab4635c,Cloud Security Engineer,서울
510,https://kr.indeed.com/viewjob?jk=9f7d7cbe5e172a01,Front-end Developer,서울
511,https://kr.indeed.com/viewjob?jk=32e48945651ff494,"서버개발/웹개발/모바일(안드로이드,IOS)",서울 오금동
512,https://kr.indeed.com/viewjob?jk=86e27108e41b2c9f,[어니컴(주)] 정적분석(White box testing) 경력 및 신입,용인 기흥구
513,https://kr.indeed.com/viewjob?jk=60097047695d7c71,Text 분석,서울
514,https://kr.indeed.com/viewjob?jk=5b466717bb497876,"JAVA, PHP 외 경력 정규직",서울 영등포구
515,https://kr.indeed.com/viewjob?jk=3ca47f227f783ee5,저축은행 디지털 LAB,서울 구로구
516,https://kr.indeed.com/viewjob?jk=703240f1af245dde,Cloud Storage Architect 국내 IT 대기업,서울특별시
517,https://kr.indeed.com/viewjob?jk=b1abf6f8058060cd,인공지능 검색/데이터 엔지니어,서울
518,https://kr.indeed.com/viewjob?jk=7b1bf7ccf8fdf4bb,인공지능 소프트웨어 엔지니어,서울
519,https://kr.indeed.com/viewjob?jk=f9ba0aceb3ab191b,Full Stack engineer,서울 공덕동
520,https://kr.indeed.com/viewjob?jk=1c48b404fc0661dc,Cloud Support Eng. II (SCD),서울
521,https://kr.indeed.com/viewjob?jk=d04d5965fd332b3e,DW&BI팀 Data Architect,서울
522,https://kr.indeed.com/viewjob?jk=72bfae500ccb7b1f,로봇 시뮬레이션 API 개발자,울산 중구
523,https://kr.indeed.com/viewjob?jk=50d0ae3f24a94532,"로봇관련, R&D_로봇 Skill 개발",경기도 수원
524,https://kr.indeed.com/viewjob?jk=8f3522e174fb95c9,"판다인터네셔날 ) 앱 개발 및 보수 ,VPN 네트워크 구축 유경험자",부산 사하구
525,https://kr.indeed.com/viewjob?jk=6c1d50662fa2d7f7,서울 강남구 인썸니아 시니어 개발자 및 퍼블리셔,서울 서초구
526,https://kr.indeed.com/viewjob?jk=e42dff836a3182d7,반응형웹개발자(3년이상),대한민국
527,https://kr.indeed.com/viewjob?jk=cdf617324298bb9d,저축은행 소비자금융 Data Science 팀,서울 구로구
528,https://kr.indeed.com/viewjob?jk=04ecc7af1c61ab5a,통계 분석 전문가,서울 강서구
529,https://kr.indeed.com/viewjob?jk=9301688209a46cd7,전자상거래 플랫폼 인프라 설계/구축/운영,서울
530,https://kr.indeed.com/viewjob?jk=92f04fc62c6d6a7a,"Technical Solutions Consultant, Android...",서울
531,https://kr.indeed.com/viewjob?jk=8461bfe74b0948cf,SW 품질 보증 전문가,서울
532,https://kr.indeed.com/viewjob?jk=c56cf399beea5f36,[유펜솔루션] 웹 크롤링 엔진 개발자 경력 (대전),서울 강남구
533,https://kr.indeed.com/viewjob?jk=e51c8736967894d3,TEST IT,인천 부평구
534,https://kr.indeed.com/viewjob?jk=33fbfcd01ae23602,시스템 프로그래머,서울
535,https://kr.indeed.com/viewjob?jk=1a29584d7cf07e69,마케팅 관련 데이터 분석 전문가(대리과장급),서울
536,https://kr.indeed.com/viewjob?jk=0b9a231d4a1d649d,Software Engineer in Testing for SAP HAN...,서울
537,https://kr.indeed.com/viewjob?jk=2f1e4635d5b17020,AI 플랫폼 구조개선/운영 효율화[IT대기업] (서울 ),대전
538,https://kr.indeed.com/viewjob?jk=a6df161cf8e96140,게임 딥러닝 AI 개발,성남 분당구
539,https://kr.indeed.com/viewjob?jk=d24428ed26f0b058,디지털LAB 신기술파트,서울 구로구
540,https://kr.indeed.com/viewjob?jk=45a8d1ec64004328,"[해외취업] IT 프로그래머,web개발 엔지니어,Java프로그래머,인프라...",대한민국
541,https://kr.indeed.com/viewjob?jk=11296fe432fdf07a,[IT대기업] 클라우드(Cloud) 전문가 (과장~부장급),서울
542,https://kr.indeed.com/viewjob?jk=449c79ff66c3925c,Sydney Based Cloud Support Engineer,대한민국
543,https://kr.indeed.com/viewjob?jk=f8ee4cfdf4dd6934,성장하는 핀테크 스타트업 BackEnd Developer 경력직,서울 강남구
544,https://kr.indeed.com/viewjob?jk=79da9b878d3d8709,저축은행 다이랙트마케팅팀 데이터분석,서울 구로구
545,https://kr.indeed.com/viewjob?jk=9cd311595b3e4bea,저축은행 소비자금융 Data Science,서울 구로구
546,https://kr.indeed.com/viewjob?jk=48ace3aa027982bc,Cloud Service 개발 및 운영,성남 서현역
547,https://kr.indeed.com/viewjob?jk=1686bc8fdc03fd84,빅데이터 분석/컨설팅(3년이상 경력),서울
548,https://kr.indeed.com/viewjob?jk=5b35f31ea016d1d3,"대기업 연구센터 IoT기술(Discrete Event System,머신러...",서울
549,https://kr.indeed.com/viewjob?jk=8a15326f80e07c08,Customer Operations Engineering Manager,대한민국
550,https://kr.indeed.com/viewjob?jk=d66914db200312e0,TECH U Associate Solutions Architect - 2...,서울
551,https://kr.indeed.com/viewjob?jk=d9f1c1b5579f37c4,빌링서버 개발자,서울
552,https://kr.indeed.com/viewjob?jk=2900b41c0b091e46,머신러닝 개발자,서울
553,https://kr.indeed.com/viewjob?jk=838599aa8cfbcf47,Video Solution System Engineer,서울
554,https://kr.indeed.com/viewjob?jk=c1037225077ca4da,데이터 분석가 (Business Intelligence Analyst),서울 강남구
551,https://kr.indeed.com/viewjob?jk=d11342cfe074df78,Frontend Developer (Javascript/React),서울
552,https://kr.indeed.com/viewjob?jk=c6bf8184940d37c3,Android Developer,서울
553,https://kr.indeed.com/viewjob?jk=297e6568c740f98e,iOS Developer,서울
554,https://kr.indeed.com/viewjob?jk=b2cfcc7d4b79c216,[Search&Clova] Clova 챗봇 Platform 개발 신입/경...,대한민국
555,https://kr.indeed.com/viewjob?jk=90104004fabe2502,[Search & Clova] 글로벌 콘텐츠 검색/ AI 기술 개발 신입...,대한민국
556,https://kr.indeed.com/viewjob?jk=22648806d1d9ecb2,연구원(기간제 근로자),대한민국
557,https://kr.indeed.com/viewjob?jk=2936adf2a7318db5,웹개발자,서울 잠실역
558,https://kr.indeed.com/viewjob?jk=05439002712f8135,차세대 광-무선 가입자망 연구센터 연구전담교수,광주 북구
559,https://kr.indeed.com/viewjob?jk=74c4f418a78c820f,데이터 전문가,서울 삼성동
560,https://kr.indeed.com/viewjob?jk=a72ab5e8773b9ad8,빅데이터 개발(3년이상 경력),서울
561,https://kr.indeed.com/viewjob?jk=1748baa27965fdbf,"MVP 개발 엔지니어(서버, 웹프론트) (정규직, 계약직, 프리랜서)",대전 중구
562,https://kr.indeed.com/viewjob?jk=8ae7c240ef7d5f0b,카카오 분석 플랫폼 경력 개발자,성남 판교역
563,https://kr.indeed.com/viewjob?jk=faf0422473d4188a,[Search & Clova] 쇼핑검색 AI 기술 개발 신입/경력사원,대한민국
564,https://kr.indeed.com/viewjob?jk=8af16ddc1e1a33b3,DevOps 엔지니어(과장~차장급),성남 판교역
565,https://kr.indeed.com/viewjob?jk=9fb50d6eec9e7045,인간중심 지능형 시스템 연구실 위촉연구원,광주 북구
566,https://kr.indeed.com/viewjob?jk=dd525f7585490793,"Imaging Scientist, Technology Developmen...",경기도 화성
567,https://kr.indeed.com/viewjob?jk=35ab7eed75504ccc,기상청 국가태풍센터 공무직 근로자,대한민국
568,https://kr.indeed.com/viewjob?jk=b5f011215f2f118e,2019년 기상청 국가태풍센터 공무직 근로자,대한민국
569,https://kr.indeed.com/viewjob?jk=a2089ff8a19a429f,Fullstack SW개발자,성남 판교역
570,https://kr.indeed.com/viewjob?jk=a65baa1929f29393,데이터 플랫폼 개발,성남 판교역
571,https://kr.indeed.com/viewjob?jk=a771637c0eeffc26,[Search & Clova] NAVER Search 이미지 검색서버개발...,대한민국
572,https://kr.indeed.com/viewjob?jk=8d8caa9ce2b86d80,데이터 분석/엔지니어 모집,성남 삼평동
573,https://kr.indeed.com/viewjob?jk=c499b3dde5c2e196,데이터인프라개발팀 - 데이터 엔지니어,성남 분당구
574,https://kr.indeed.com/viewjob?jk=a6df161cf8e96140,게임 딥러닝 AI 개발,성남 분당구
575,https://kr.indeed.com/viewjob?jk=516545e5882be38c,시스템 엔지니어,서울 삼성동
576,https://kr.indeed.com/viewjob?jk=e1e8ad007f553ed2,2019년 기상청 국가태풍센터 공무직 근로자 (연장),대한민국
577,https://kr.indeed.com/viewjob?jk=d8acf67d97b07247,기상청(국가태풍센터) 공무직 근로자 (연장),대한민국
578,https://kr.indeed.com/viewjob?jk=4801b7535e8bc40d,서버 개발(사원~과장급),서울 가산디지털단지역
579,https://kr.indeed.com/viewjob?jk=61ecdc0ef3cfb66a,[경력] 빅데이터 플랫폼 엔지니어,성남 판교역
580,https://kr.indeed.com/viewjob?jk=18d4b759113240ca,개인화 추천서비스 개발,서울 삼성동
581,https://kr.indeed.com/viewjob?jk=d57b19564ea05138,데이터인프라개발팀 - 데이터 플랫폼 엔지니어,성남 분당구
582,https://kr.indeed.com/viewjob?jk=37b785f21c60e74f,[Search&Clova] Clova AI 이미지/비디오 인식 모델 개발...,대한민국
583,https://kr.indeed.com/viewjob?jk=1b0be42764835ab3,Senior Consultant / Applications Enginee...,대전
584,https://kr.indeed.com/viewjob?jk=3da2537c07ea7706,Platform server 개발자,성남 분당구
585,https://kr.indeed.com/viewjob?jk=074bbbc1b7c4d596,저축은행 디지털마케팅본부 데이터분석 경력자,서울 구로구
586,https://kr.indeed.com/viewjob?jk=42854af9a9301b2e,2016년도 상반기 국립기상과학원 기간제근로자(소프트웨어기사),대한민국
587,https://kr.indeed.com/viewjob?jk=3d99c00c986d2c57,[Clova] Clova 서비스 서버 개발 경력사원,대한민국
588,https://kr.indeed.com/viewjob?jk=04f3458db4cc1f14,데이터 엔지니어,대한민국
589,https://kr.indeed.com/viewjob?jk=c81984fb6cd9a0c6,빅데이터 전략/마케팅 (과~차장),서울 중구
590,https://kr.indeed.com/viewjob?jk=b964a03867237f11,백엔드 개발자 경력 (대전),대전 유성구
591,https://kr.indeed.com/viewjob?jk=51dcabafcf7a0bb0,저축은행 디지털뱅킹팀 데이터분석,서울 구로구
592,https://kr.indeed.com/viewjob?jk=e8397e3a19e81529,2018년도 기후변화감시과 공무직 근로자(연구보조원) 장애인 특별,대한민국
593,https://kr.indeed.com/viewjob?jk=85b7c214e0cdfc5f,SW개발 부문 경력인력,대전 서구
594,https://kr.indeed.com/viewjob?jk=a7b63456fe29200d,서버개발 엔지니어(사원~대리),서울 가산디지털단지역
595,https://kr.indeed.com/viewjob?jk=53ced11b1e0addce,저축은행 디지털뱅킹팀 데이터분석 경력,서울 구로구
596,https://kr.indeed.com/viewjob?jk=d425b24146af3fa1,지구·환경공학부 환경시스템공학 연구실 위촉연구원,광주 북구
597,https://kr.indeed.com/viewjob?jk=aa9b2ed0c68a131f,[Search&Clova] Clova AI 이미지/비디오 인식 모델 개발...,대한민국
598,https://kr.indeed.com/viewjob?jk=674370fd38bce0dd,지스트 블록체인경제센터(강남소재) 계약직(연구원),광주 북구
599,https://kr.indeed.com/viewjob?jk=8c4e16d1785c009f,"웹/모바일 기반 벡엔드/프론트엔드 개발_대리, 과장급_대기업",대한민국
600,https://kr.indeed.com/viewjob?jk=b245cdab72782813,커머스 플랫폼 개발 (데이터 엔지니어),성남 서현역
601,https://kr.indeed.com/viewjob?jk=ab157cc80acdbe96,지스트 블록체인인터넷경제연구센터 계약직(연구원),광주 북구
602,https://kr.indeed.com/viewjob?jk=794e209e405f4fc0,지스트 블록체인경제센터(강남소재) 계약직연구원,광주 북구
603,https://kr.indeed.com/viewjob?jk=8f3522e174fb95c9,"판다인터네셔날 ) 앱 개발 및 보수 ,VPN 네트워크 구축 유경험자",부산 사하구
604,https://kr.indeed.com/viewjob?jk=c1037225077ca4da,데이터 분석가 (Business Intelligence Analyst),서울 강남구
601,https://kr.indeed.com/viewjob?jk=d11342cfe074df78,Frontend Developer (Javascript/React),서울
602,https://kr.indeed.com/viewjob?jk=8d8caa9ce2b86d80,데이터 분석/엔지니어 모집,성남 삼평동
603,https://kr.indeed.com/viewjob?jk=9fa9d498506f86aa,기술영업(신입/경력),대한민국
604,https://kr.indeed.com/viewjob?jk=ea2cf2a5e929b0ee,TOAST Cloud 플랫폼 및 서비스 개발,성남 판교역
605,https://kr.indeed.com/viewjob?jk=85e39a73f14a3b07,"대기업 딥러닝 / 빅데이터 프로젝트 경력자 (석사학위이상, 근무지-전남)",전라남도 광양
606,https://kr.indeed.com/viewjob?jk=61ecdc0ef3cfb66a,[경력] 빅데이터 플랫폼 엔지니어,성남 판교역
607,https://kr.indeed.com/viewjob?jk=7bb1e2b604c071e6,[글로벌 Vacuum Pump 제조사] S/W Test Engineer...,천안 서북구
608,https://kr.indeed.com/viewjob?jk=04f3458db4cc1f14,데이터 엔지니어,대한민국
609,https://kr.indeed.com/viewjob?jk=73457e281df2be21,데이터인프라개발팀 - 데이터 플랫폼 엔지니어,성남 분당구
610,https://kr.indeed.com/viewjob?jk=a65baa1929f29393,데이터 플랫폼 개발,성남 판교역
611,https://kr.indeed.com/viewjob?jk=a6df161cf8e96140,게임 딥러닝 AI 개발,성남 분당구
612,https://kr.indeed.com/viewjob?jk=2dc48511f09843fa,빅데이터 분석/활용(과~차장),서울
613,https://kr.indeed.com/viewjob?jk=13513ddad0382808,빅데이터 분석,서울 삼성동
614,https://kr.indeed.com/viewjob?jk=c499b3dde5c2e196,데이터인프라개발팀 - 데이터 엔지니어,성남 분당구
615,https://kr.indeed.com/viewjob?jk=4fa50f2ffd370bae,얼굴모션 캡처기술 인공지능(AI) 연구개발 전문기업,경기도
616,https://kr.indeed.com/viewjob?jk=8925ce6bab9d00d6,바디모션 캡처기술 인공지능(AI) 연구개발 전문기업,경기도
617,https://kr.indeed.com/viewjob?jk=1fed0b76bf278b41,2014년도 국립기상연구소 연구원(기간제근로자) 특별 (기상기후 빅데이터...,대한민국
618,https://kr.indeed.com/viewjob?jk=8ae7c240ef7d5f0b,카카오 분석 플랫폼 경력 개발자,성남 판교역
619,https://kr.indeed.com/viewjob?jk=8af16ddc1e1a33b3,DevOps 엔지니어(과장~차장급),성남 판교역
620,https://kr.indeed.com/viewjob?jk=50d0ae3f24a94532,"로봇관련, R&D_로봇 Skill 개발",경기도 수원
621,https://kr.indeed.com/viewjob?jk=8c4e16d1785c009f,"웹/모바일 기반 벡엔드/프론트엔드 개발_대리, 과장급_대기업",대한민국
622,https://kr.indeed.com/viewjob?jk=c6bf8184940d37c3,Android Developer,서울
623,https://kr.indeed.com/viewjob?jk=297e6568c740f98e,iOS Developer,서울
624,https://kr.indeed.com/viewjob?jk=c1037225077ca4da,데이터 분석가 (Business Intelligence Analyst),서울 강남구
