Name,Language,Date
android_arp_SA,C++,23 hours ago
android_arp_CA,Java,23 hours ago
cps-sec,Python,16 days ago
pcap_GUI,C++,on 16 Mar
ip_change,C++,on 28 Jan
tcp_data_change,C++,on 17 Jan
pcap_stat,C++,on 14 Jan
ARMY_escape,JavaScript,on 4 Dec 2019
CoalaEscape,JavaScript,on 20 Oct 2019
proxy_server_tcp_retransmission,C++,on 9 Oct 2019
client_tcp_retransmission,C++,on 9 Oct 2019
client_tcp_connection,C++,on 3 Sep 2019
gilgil_netfilter_test,C++,on 2 Sep 2019
gilgil_Netfilter2,C++,on 27 Aug 2019
BoB,C,on 26 Aug 2019
gilgil_connection_server,C++,on 26 Aug 2019
DDOS,C++,on 25 Aug 2019
gilgil_arp_spoof,C++,on 22 Aug 2019
FLEX-BISON,C,on 11 Aug 2019
Keras,Jupyter Notebook,on 11 Aug 2019
dakuo_DDOS_filter_PCAP,C++,on 7 Aug 2019
gilgil_send_arp,C++,on 1 Aug 2019
gilgil_pcap_test,C++,on 26 Jul 2019
dakuo_filter_test,C++,on 25 Jul 2019
gilgil_vending_machine,C++,on 24 Jul 2019
gilgil_sum_test,C++,on 5 Jul 2019
SW2,C,on 17 Jun 2019
PCAP,C,on 17 May 2019
data_structure,C,on 17 May 2019
socket_window,C,on 6 Mar 2019
socket,C,on 4 Mar 2019
cpp,C++,on 25 Feb 2019
web1,HTML,on 19 Jan 2019
